{"cameraMode":{"drawMode":0,"name":"Shaded","section":"Shading Mode"},"sceneLighting":true,"audioPlay":false,"sceneViewState":{"showFog":false,"showMaterialUpdate":false,"showSkybox":false,"showFlares":false,"showImageEffects":false,"showParticleSystems":true},"in2DMode":false,"pivot":{"x":0.5857858657836914,"y":3.499335765838623,"z":0.08144092559814453},"rotation":{"x":-0.009071278385818005,"y":0.8054525256156921,"z":-0.01233252976089716,"w":-0.5924639701843262},"size":7.367556571960449,"orthographic":false}